"st_cd_fips","dem_2p","adj_pred"
"0808",50.3577010279777,51.529646227702
"1228",36.3131270071333,52.5665319018659
"3001",48.362598862945,48.5020428672873
"3002",26.277778113536,39.4284882498119
"3714",57.7058567925758,56.7251167103041
"4106",51.2260434882448,53.7616468182613
"4837",78.5401465085941,74.3449284096295
"4838",36.0213534306799,36.5774859449937
